{
  "project_info": {
    "project_number": "50048383008",
    "firebase_url": "https://aldrey-craft.firebaseio.com",
    "project_id": "aldrey-craft",
    "storage_bucket": "aldrey-craft.appspot.com"
  },
  "client": [
    {
      "client_info": {
        "mobilesdk_app_id": "1:50048383008:android:b9f33c9791112a7e",
        "android_client_info": {
          "package_name": "com.aldreycraft.store"
        }
      },
      "oauth_client": [
        {
          "client_id": "50048383008-du5r9vjctfdp4s8g2uldokde7j7s9fbn.apps.googleusercontent.com",
          "client_type": 3
        }
      ],
      "api_key": [
        {
          "current_key": "AIzaSyAmfq-4vwEqrraCJ7y7xOHkltUU0z7H7rg"
        }
      ],
      "services": {
        "analytics_service": {
          "status": 1
        },
        "appinvite_service": {
          "status": 1,
          "other_platform_oauth_client": []
        },
        "ads_service": {
          "status": 2
        }
      }
    }
  ],
  "configuration_version": "1"
}